run_accession,tax_id,scientific_name,sample_alias,sample_title,sample_description,collection_date,location,country,study_accession,sample_accession,instrument_platform,instrument_model,library_strategy,library_source,library_selection,read_count,fastq_1,fastq_2
ERR14825998,143294,Anodonta anatina,AA48,AA48,foot biopsy,2023-06-06,,Switzerland,PRJEB86155,SAMEA117760139,ILLUMINA,Illumina NovaSeq X Plus,WGS,GENOMIC,RANDOM,159886050,ftp.sra.ebi.ac.uk/vol1/fastq/ERR148/098/ERR14825998/ERR14825998_1.fastq.gz,ftp.sra.ebi.ac.uk/vol1/fastq/ERR148/098/ERR14825998/ERR14825998_2.fastq.gz
ERR14826061,143294,Anodonta anatina,AB28,AB28,foot biopsy,2023-06-16,,Switzerland,PRJEB86155,SAMEA117760202,ILLUMINA,Illumina NovaSeq X Plus,WGS,GENOMIC,RANDOM,157597872,ftp.sra.ebi.ac.uk/vol1/fastq/ERR148/061/ERR14826061/ERR14826061_1.fastq.gz,ftp.sra.ebi.ac.uk/vol1/fastq/ERR148/061/ERR14826061/ERR14826061_2.fastq.gz
ERR14826056,143294,Anodonta anatina,AB23,AB23,foot biopsy,2023-06-16,,Switzerland,PRJEB86155,SAMEA117760197,ILLUMINA,Illumina NovaSeq X Plus,WGS,GENOMIC,RANDOM,158455454,ftp.sra.ebi.ac.uk/vol1/fastq/ERR148/056/ERR14826056/ERR14826056_1.fastq.gz,ftp.sra.ebi.ac.uk/vol1/fastq/ERR148/056/ERR14826056/ERR14826056_2.fastq.gz
ERR14826028,143294,Anodonta anatina,AA78,AA78,foot biopsy,2023-06-08,,Switzerland,PRJEB86155,SAMEA117760169,ILLUMINA,Illumina NovaSeq X Plus,WGS,GENOMIC,RANDOM,157127970,ftp.sra.ebi.ac.uk/vol1/fastq/ERR148/028/ERR14826028/ERR14826028_1.fastq.gz,ftp.sra.ebi.ac.uk/vol1/fastq/ERR148/028/ERR14826028/ERR14826028_2.fastq.gz
ERR14826022,143294,Anodonta anatina,AA72,AA72,foot biopsy,2023-06-08,,Switzerland,PRJEB86155,SAMEA117760163,ILLUMINA,Illumina NovaSeq X Plus,WGS,GENOMIC,RANDOM,162723590,ftp.sra.ebi.ac.uk/vol1/fastq/ERR148/022/ERR14826022/ERR14826022_1.fastq.gz,ftp.sra.ebi.ac.uk/vol1/fastq/ERR148/022/ERR14826022/ERR14826022_2.fastq.gz
ERR14826316,143294,Anodonta anatina,AF15,AF15,foot biopsy,2023-08-16,,Switzerland,PRJEB86155,SAMEA117760457,ILLUMINA,Illumina NovaSeq X Plus,WGS,GENOMIC,RANDOM,176358462,ftp.sra.ebi.ac.uk/vol1/fastq/ERR148/016/ERR14826316/ERR14826316_1.fastq.gz,ftp.sra.ebi.ac.uk/vol1/fastq/ERR148/016/ERR14826316/ERR14826316_2.fastq.gz
ERR14826141,143294,Anodonta anatina,AC16,AC16,foot biopsy,2023-06-22,,Switzerland,PRJEB86155,SAMEA117760282,ILLUMINA,Illumina NovaSeq X Plus,WGS,GENOMIC,RANDOM,157329834,ftp.sra.ebi.ac.uk/vol1/fastq/ERR148/041/ERR14826141/ERR14826141_1.fastq.gz,ftp.sra.ebi.ac.uk/vol1/fastq/ERR148/041/ERR14826141/ERR14826141_2.fastq.gz
ERR14826014,143294,Anodonta anatina,AA64,AA64,foot biopsy,2023-06-08,,Switzerland,PRJEB86155,SAMEA117760155,ILLUMINA,Illumina NovaSeq X Plus,WGS,GENOMIC,RANDOM,166422746,ftp.sra.ebi.ac.uk/vol1/fastq/ERR148/014/ERR14826014/ERR14826014_1.fastq.gz,ftp.sra.ebi.ac.uk/vol1/fastq/ERR148/014/ERR14826014/ERR14826014_2.fastq.gz
ERR14826076,143294,Anodonta anatina,AB43,AB43,foot biopsy,2023-06-16,,Switzerland,PRJEB86155,SAMEA117760217,ILLUMINA,Illumina NovaSeq X Plus,WGS,GENOMIC,RANDOM,171597930,ftp.sra.ebi.ac.uk/vol1/fastq/ERR148/076/ERR14826076/ERR14826076_1.fastq.gz,ftp.sra.ebi.ac.uk/vol1/fastq/ERR148/076/ERR14826076/ERR14826076_2.fastq.gz
ERR14825969,143294,Anodonta anatina,AA18,AA18,foot biopsy,2023-05-20,,Switzerland,PRJEB86155,SAMEA117760110,ILLUMINA,Illumina NovaSeq X Plus,WGS,GENOMIC,RANDOM,167177118,ftp.sra.ebi.ac.uk/vol1/fastq/ERR148/069/ERR14825969/ERR14825969_1.fastq.gz,ftp.sra.ebi.ac.uk/vol1/fastq/ERR148/069/ERR14825969/ERR14825969_2.fastq.gz
ERR14826155,143294,Anodonta anatina,AC31,AC31,foot biopsy,2023-06-27,,Switzerland,PRJEB86155,SAMEA117760296,ILLUMINA,Illumina NovaSeq X Plus,WGS,GENOMIC,RANDOM,194678558,ftp.sra.ebi.ac.uk/vol1/fastq/ERR148/055/ERR14826155/ERR14826155_1.fastq.gz,ftp.sra.ebi.ac.uk/vol1/fastq/ERR148/055/ERR14826155/ERR14826155_2.fastq.gz
ERR14826019,143294,Anodonta anatina,AA69,AA69,foot biopsy,2023-06-08,,Switzerland,PRJEB86155,SAMEA117760160,ILLUMINA,Illumina NovaSeq X Plus,WGS,GENOMIC,RANDOM,159903754,ftp.sra.ebi.ac.uk/vol1/fastq/ERR148/019/ERR14826019/ERR14826019_1.fastq.gz,ftp.sra.ebi.ac.uk/vol1/fastq/ERR148/019/ERR14826019/ERR14826019_2.fastq.gz
ERR14825989,143294,Anodonta anatina,AA39,AA39,foot biopsy,2023-06-06,,Switzerland,PRJEB86155,SAMEA117760130,ILLUMINA,Illumina NovaSeq X Plus,WGS,GENOMIC,RANDOM,159386424,ftp.sra.ebi.ac.uk/vol1/fastq/ERR148/089/ERR14825989/ERR14825989_1.fastq.gz,ftp.sra.ebi.ac.uk/vol1/fastq/ERR148/089/ERR14825989/ERR14825989_2.fastq.gz
ERR14825967,143294,Anodonta anatina,AA16,AA16,foot biopsy,2023-05-20,,Switzerland,PRJEB86155,SAMEA117760108,ILLUMINA,Illumina NovaSeq X Plus,WGS,GENOMIC,RANDOM,156264038,ftp.sra.ebi.ac.uk/vol1/fastq/ERR148/067/ERR14825967/ERR14825967_1.fastq.gz,ftp.sra.ebi.ac.uk/vol1/fastq/ERR148/067/ERR14825967/ERR14825967_2.fastq.gz
ERR14826154,143294,Anodonta anatina,AC30,AC30,foot biopsy,2023-06-27,,Switzerland,PRJEB86155,SAMEA117760295,ILLUMINA,Illumina NovaSeq X Plus,WGS,GENOMIC,RANDOM,165002510,ftp.sra.ebi.ac.uk/vol1/fastq/ERR148/054/ERR14826154/ERR14826154_1.fastq.gz,ftp.sra.ebi.ac.uk/vol1/fastq/ERR148/054/ERR14826154/ERR14826154_2.fastq.gz
ERR14826212,2030908,Anodonta exulcerata,AC98,AC98,foot biopsy,2023-08-08,,Switzerland,PRJEB86155,SAMEA117760353,ILLUMINA,Illumina NovaSeq X Plus,WGS,GENOMIC,RANDOM,136387346,ftp.sra.ebi.ac.uk/vol1/fastq/ERR148/012/ERR14826212/ERR14826212_1.fastq.gz,ftp.sra.ebi.ac.uk/vol1/fastq/ERR148/012/ERR14826212/ERR14826212_2.fastq.gz
ERR14826202,2030908,Anodonta exulcerata,AC88,AC88,foot biopsy,2023-08-08,,Switzerland,PRJEB86155,SAMEA117760343,ILLUMINA,Illumina NovaSeq X Plus,WGS,GENOMIC,RANDOM,147432812,ftp.sra.ebi.ac.uk/vol1/fastq/ERR148/002/ERR14826202/ERR14826202_1.fastq.gz,ftp.sra.ebi.ac.uk/vol1/fastq/ERR148/002/ERR14826202/ERR14826202_2.fastq.gz
ERR14826200,2030908,Anodonta exulcerata,AC86,AC86,foot biopsy,2023-08-08,,Switzerland,PRJEB86155,SAMEA117760341,ILLUMINA,Illumina NovaSeq X Plus,WGS,GENOMIC,RANDOM,107230542,ftp.sra.ebi.ac.uk/vol1/fastq/ERR148/000/ERR14826200/ERR14826200_1.fastq.gz,ftp.sra.ebi.ac.uk/vol1/fastq/ERR148/000/ERR14826200/ERR14826200_2.fastq.gz
ERR14826215,2030908,Anodonta exulcerata,AD03,AD03,foot biopsy,2023-08-08,,Switzerland,PRJEB86155,SAMEA117760356,ILLUMINA,Illumina NovaSeq X Plus,WGS,GENOMIC,RANDOM,141237358,ftp.sra.ebi.ac.uk/vol1/fastq/ERR148/015/ERR14826215/ERR14826215_1.fastq.gz,ftp.sra.ebi.ac.uk/vol1/fastq/ERR148/015/ERR14826215/ERR14826215_2.fastq.gz
ERR14826199,2030908,Anodonta exulcerata,AC85,AC85,foot biopsy,2023-08-08,,Switzerland,PRJEB86155,SAMEA117760340,ILLUMINA,Illumina NovaSeq X Plus,WGS,GENOMIC,RANDOM,139361522,ftp.sra.ebi.ac.uk/vol1/fastq/ERR148/099/ERR14826199/ERR14826199_1.fastq.gz,ftp.sra.ebi.ac.uk/vol1/fastq/ERR148/099/ERR14826199/ERR14826199_2.fastq.gz
ERR14826213,2030908,Anodonta exulcerata,AC99,AC99,foot biopsy,2023-08-08,,Switzerland,PRJEB86155,SAMEA117760354,ILLUMINA,Illumina NovaSeq X Plus,WGS,GENOMIC,RANDOM,108819672,ftp.sra.ebi.ac.uk/vol1/fastq/ERR148/013/ERR14826213/ERR14826213_1.fastq.gz,ftp.sra.ebi.ac.uk/vol1/fastq/ERR148/013/ERR14826213/ERR14826213_2.fastq.gz
ERR14826214,2030908,Anodonta exulcerata,AD01,AD01,foot biopsy,2023-08-08,,Switzerland,PRJEB86155,SAMEA117760355,ILLUMINA,Illumina NovaSeq X Plus,WGS,GENOMIC,RANDOM,153134092,ftp.sra.ebi.ac.uk/vol1/fastq/ERR148/014/ERR14826214/ERR14826214_1.fastq.gz,ftp.sra.ebi.ac.uk/vol1/fastq/ERR148/014/ERR14826214/ERR14826214_2.fastq.gz
ERR14826198,2030908,Anodonta exulcerata,AC84,AC84,foot biopsy,2023-08-08,,Switzerland,PRJEB86155,SAMEA117760339,ILLUMINA,Illumina NovaSeq X Plus,WGS,GENOMIC,RANDOM,118888716,ftp.sra.ebi.ac.uk/vol1/fastq/ERR148/098/ERR14826198/ERR14826198_1.fastq.gz,ftp.sra.ebi.ac.uk/vol1/fastq/ERR148/098/ERR14826198/ERR14826198_2.fastq.gz
ERR14826205,2030908,Anodonta exulcerata,AC91,AC91,foot biopsy,2023-08-08,,Switzerland,PRJEB86155,SAMEA117760346,ILLUMINA,Illumina NovaSeq X Plus,WGS,GENOMIC,RANDOM,128831306,ftp.sra.ebi.ac.uk/vol1/fastq/ERR148/005/ERR14826205/ERR14826205_1.fastq.gz,ftp.sra.ebi.ac.uk/vol1/fastq/ERR148/005/ERR14826205/ERR14826205_2.fastq.gz
ERR14826206,2030908,Anodonta exulcerata,AC92,AC92,foot biopsy,2023-08-08,,Switzerland,PRJEB86155,SAMEA117760347,ILLUMINA,Illumina NovaSeq X Plus,WGS,GENOMIC,RANDOM,122111638,ftp.sra.ebi.ac.uk/vol1/fastq/ERR148/006/ERR14826206/ERR14826206_1.fastq.gz,ftp.sra.ebi.ac.uk/vol1/fastq/ERR148/006/ERR14826206/ERR14826206_2.fastq.gz
ERR14826209,2030908,Anodonta exulcerata,AC95,AC95,foot biopsy,2023-08-08,,Switzerland,PRJEB86155,SAMEA117760350,ILLUMINA,Illumina NovaSeq X Plus,WGS,GENOMIC,RANDOM,124718672,ftp.sra.ebi.ac.uk/vol1/fastq/ERR148/009/ERR14826209/ERR14826209_1.fastq.gz,ftp.sra.ebi.ac.uk/vol1/fastq/ERR148/009/ERR14826209/ERR14826209_2.fastq.gz
ERR14826208,2030908,Anodonta exulcerata,AC94,AC94,foot biopsy,2023-08-08,,Switzerland,PRJEB86155,SAMEA117760349,ILLUMINA,Illumina NovaSeq X Plus,WGS,GENOMIC,RANDOM,128037176,ftp.sra.ebi.ac.uk/vol1/fastq/ERR148/008/ERR14826208/ERR14826208_1.fastq.gz,ftp.sra.ebi.ac.uk/vol1/fastq/ERR148/008/ERR14826208/ERR14826208_2.fastq.gz
ERR14826190,2030908,Anodonta exulcerata,AC75,AC75,foot biopsy,2023-08-08,,Switzerland,PRJEB86155,SAMEA117760331,ILLUMINA,Illumina NovaSeq X Plus,WGS,GENOMIC,RANDOM,152280660,ftp.sra.ebi.ac.uk/vol1/fastq/ERR148/090/ERR14826190/ERR14826190_1.fastq.gz,ftp.sra.ebi.ac.uk/vol1/fastq/ERR148/090/ERR14826190/ERR14826190_2.fastq.gz
ERR14826211,2030908,Anodonta exulcerata,AC97,AC97,foot biopsy,2023-08-08,,Switzerland,PRJEB86155,SAMEA117760352,ILLUMINA,Illumina NovaSeq X Plus,WGS,GENOMIC,RANDOM,105549772,ftp.sra.ebi.ac.uk/vol1/fastq/ERR148/011/ERR14826211/ERR14826211_1.fastq.gz,ftp.sra.ebi.ac.uk/vol1/fastq/ERR148/011/ERR14826211/ERR14826211_2.fastq.gz
ERR14826210,2030908,Anodonta exulcerata,AC96,AC96,foot biopsy,2023-08-08,,Switzerland,PRJEB86155,SAMEA117760351,ILLUMINA,Illumina NovaSeq X Plus,WGS,GENOMIC,RANDOM,99347550,ftp.sra.ebi.ac.uk/vol1/fastq/ERR148/010/ERR14826210/ERR14826210_1.fastq.gz,ftp.sra.ebi.ac.uk/vol1/fastq/ERR148/010/ERR14826210/ERR14826210_2.fastq.gz
ERR12728312,9902,Bison bonasus,wisent_ETH_2,wisent,wisent,2022,,Switzerland,PRJEB71066,SAMEA115388353,ILLUMINA,Illumina NovaSeq 6000,WGS,GENOMIC,RANDOM,812080666,ftp.sra.ebi.ac.uk/vol1/fastq/ERR127/012/ERR12728312/ERR12728312_1.fastq.gz,ftp.sra.ebi.ac.uk/vol1/fastq/ERR127/012/ERR12728312/ERR12728312_2.fastq.gz
ERR12728313,9902,Bison bonasus,wisent_ETH_3,wisent,wisent,2022,,Switzerland,PRJEB71066,SAMEA115388354,ILLUMINA,Illumina NovaSeq 6000,WGS,GENOMIC,RANDOM,802178850,ftp.sra.ebi.ac.uk/vol1/fastq/ERR127/013/ERR12728313/ERR12728313_1.fastq.gz,ftp.sra.ebi.ac.uk/vol1/fastq/ERR127/013/ERR12728313/ERR12728313_2.fastq.gz
ERR12728315,9902,Bison bonasus,wisent_ETH_5,wisent,wisent,2022,,Switzerland,PRJEB71066,SAMEA115388356,ILLUMINA,Illumina NovaSeq 6000,WGS,GENOMIC,RANDOM,770106180,ftp.sra.ebi.ac.uk/vol1/fastq/ERR127/015/ERR12728315/ERR12728315_1.fastq.gz,ftp.sra.ebi.ac.uk/vol1/fastq/ERR127/015/ERR12728315/ERR12728315_2.fastq.gz
ERR12728316,9902,Bison bonasus,wisent_ETH_6,wisent,wisent,2022,,Switzerland,PRJEB71066,SAMEA115388357,ILLUMINA,Illumina NovaSeq 6000,WGS,GENOMIC,RANDOM,949182918,ftp.sra.ebi.ac.uk/vol1/fastq/ERR127/016/ERR12728316/ERR12728316_1.fastq.gz,ftp.sra.ebi.ac.uk/vol1/fastq/ERR127/016/ERR12728316/ERR12728316_2.fastq.gz
ERR12728314,9902,Bison bonasus,wisent_ETH_4,wisent,wisent,2022,,Switzerland,PRJEB71066,SAMEA115388355,ILLUMINA,Illumina NovaSeq 6000,WGS,GENOMIC,RANDOM,725477652,ftp.sra.ebi.ac.uk/vol1/fastq/ERR127/014/ERR12728314/ERR12728314_1.fastq.gz,ftp.sra.ebi.ac.uk/vol1/fastq/ERR127/014/ERR12728314/ERR12728314_2.fastq.gz
ERR12728311,9902,Bison bonasus,wisent_ETH_1,wisent,wisent,2022,,Switzerland,PRJEB71066,SAMEA115388352,ILLUMINA,Illumina NovaSeq 6000,WGS,GENOMIC,RANDOM,751032656,ftp.sra.ebi.ac.uk/vol1/fastq/ERR127/011/ERR12728311/ERR12728311_1.fastq.gz,ftp.sra.ebi.ac.uk/vol1/fastq/ERR127/011/ERR12728311/ERR12728311_2.fastq.gz
ERR16747652,9913,Bos taurus,ER1218,Eringer,blood sample,2021,,Switzerland,PRJEB83441,SAMEA121802725,ILLUMINA,Illumina NovaSeq 6000,WGS,GENOMIC,RANDOM,623018374,ftp.sra.ebi.ac.uk/vol1/fastq/ERR167/052/ERR16747652/ERR16747652_1.fastq.gz,ftp.sra.ebi.ac.uk/vol1/fastq/ERR167/052/ERR16747652/ERR16747652_2.fastq.gz
ERR14064512,9913,Bos taurus,RM5290,Holstein,blood sample,2024,,Switzerland,PRJEB83441,SAMEA117502137,ILLUMINA,Illumina NovaSeq 6000,WGS,GENOMIC,RANDOM,604666948,ftp.sra.ebi.ac.uk/vol1/fastq/ERR140/012/ERR14064512/ERR14064512_1.fastq.gz,ftp.sra.ebi.ac.uk/vol1/fastq/ERR140/012/ERR14064512/ERR14064512_2.fastq.gz
ERR14066859,9913,Bos taurus,RM4822,Holstein,blood sample,2022,,Switzerland,PRJEB83441,SAMEA117502199,ILLUMINA,Illumina NovaSeq 6000,WGS,GENOMIC,RANDOM,593545412,ftp.sra.ebi.ac.uk/vol1/fastq/ERR140/059/ERR14066859/ERR14066859_1.fastq.gz,ftp.sra.ebi.ac.uk/vol1/fastq/ERR140/059/ERR14066859/ERR14066859_2.fastq.gz
ERR14221720,9913,Bos taurus,RM5122a,Holstein,blood sample,2024,,Switzerland,PRJEB83441,SAMEA117502256,ILLUMINA,Illumina NovaSeq 6000,WGS,GENOMIC,RANDOM,652207464,ftp.sra.ebi.ac.uk/vol1/fastq/ERR142/020/ERR14221720/ERR14221720_1.fastq.gz,ftp.sra.ebi.ac.uk/vol1/fastq/ERR142/020/ERR14221720/ERR14221720_2.fastq.gz
ERR14064021,9913,Bos taurus,RM4877,Limousin,blood sample,2022,,Switzerland,PRJEB83441,SAMEA117502164,ILLUMINA,Illumina NovaSeq 6000,WGS,GENOMIC,RANDOM,597915772,ftp.sra.ebi.ac.uk/vol1/fastq/ERR140/021/ERR14064021/ERR14064021_1.fastq.gz,ftp.sra.ebi.ac.uk/vol1/fastq/ERR140/021/ERR14064021/ERR14064021_2.fastq.gz
ERR16747777,9913,Bos taurus,RM6588,Charolais,blood sample,2025,,Switzerland,PRJEB83441,SAMEA121802732,ILLUMINA,Illumina NovaSeq 6000,WGS,GENOMIC,RANDOM,779109894,ftp.sra.ebi.ac.uk/vol1/fastq/ERR167/077/ERR16747777/ERR16747777_1.fastq.gz,ftp.sra.ebi.ac.uk/vol1/fastq/ERR167/077/ERR16747777/ERR16747777_2.fastq.gz
ERR14222210,9913,Bos taurus,RM5404a,Holstein,blood sample,2024,,Switzerland,PRJEB83441,SAMEA117502266,ILLUMINA,Illumina NovaSeq 6000,WGS,GENOMIC,RANDOM,719663424,ftp.sra.ebi.ac.uk/vol1/fastq/ERR142/010/ERR14222210/ERR14222210_1.fastq.gz,ftp.sra.ebi.ac.uk/vol1/fastq/ERR142/010/ERR14222210/ERR14222210_2.fastq.gz
ERR14222206,9913,Bos taurus,RM5381a,Holstein,blood sample,2024,,Switzerland,PRJEB83441,SAMEA117502264,ILLUMINA,Illumina NovaSeq 6000,WGS,GENOMIC,RANDOM,1196653462,ftp.sra.ebi.ac.uk/vol1/fastq/ERR142/006/ERR14222206/ERR14222206_1.fastq.gz,ftp.sra.ebi.ac.uk/vol1/fastq/ERR142/006/ERR14222206/ERR14222206_2.fastq.gz
ERR14064598,9913,Bos taurus,RM4786,Holstein,blood sample,2022,,Switzerland,PRJEB83441,SAMEA117502208,ILLUMINA,Illumina NovaSeq 6000,WGS,GENOMIC,RANDOM,611076810,ftp.sra.ebi.ac.uk/vol1/fastq/ERR140/098/ERR14064598/ERR14064598_1.fastq.gz,ftp.sra.ebi.ac.uk/vol1/fastq/ERR140/098/ERR14064598/ERR14064598_2.fastq.gz
ERR14222025,9913,Bos taurus,RM5336a,Holstein,blood sample,2024,,Switzerland,PRJEB83441,SAMEA117502263,ILLUMINA,Illumina NovaSeq 6000,WGS,GENOMIC,RANDOM,1442519122,ftp.sra.ebi.ac.uk/vol1/fastq/ERR142/025/ERR14222025/ERR14222025_1.fastq.gz,ftp.sra.ebi.ac.uk/vol1/fastq/ERR142/025/ERR14222025/ERR14222025_2.fastq.gz
ERR14222208,9913,Bos taurus,RM5403a,Holstein,blood sample,2024,,Switzerland,PRJEB83441,SAMEA117502265,ILLUMINA,Illumina NovaSeq 6000,WGS,GENOMIC,RANDOM,945215988,ftp.sra.ebi.ac.uk/vol1/fastq/ERR142/008/ERR14222208/ERR14222208_1.fastq.gz,ftp.sra.ebi.ac.uk/vol1/fastq/ERR142/008/ERR14222208/ERR14222208_2.fastq.gz
ERR14222212,9913,Bos taurus,RM5420a,Holstein,blood sample,2024,,Switzerland,PRJEB83441,SAMEA117502267,ILLUMINA,Illumina NovaSeq 6000,WGS,GENOMIC,RANDOM,680337902,ftp.sra.ebi.ac.uk/vol1/fastq/ERR142/012/ERR14222212/ERR14222212_1.fastq.gz,ftp.sra.ebi.ac.uk/vol1/fastq/ERR142/012/ERR14222212/ERR14222212_2.fastq.gz
ERR14080734,9913,Bos taurus,RM4836,Brown Swiss,blood sample,2022,,Switzerland,PRJEB83441,SAMEA117502188,ILLUMINA,Illumina NovaSeq 6000,WGS,GENOMIC,RANDOM,594530136,ftp.sra.ebi.ac.uk/vol1/fastq/ERR140/034/ERR14080734/ERR14080734_1.fastq.gz,ftp.sra.ebi.ac.uk/vol1/fastq/ERR140/034/ERR14080734/ERR14080734_2.fastq.gz
ERR14221788,9913,Bos taurus,RM5130a,Holstein,blood sample,2024,,Switzerland,PRJEB83441,SAMEA117502259,ILLUMINA,Illumina NovaSeq 6000,WGS,GENOMIC,RANDOM,794523816,ftp.sra.ebi.ac.uk/vol1/fastq/ERR142/088/ERR14221788/ERR14221788_1.fastq.gz,ftp.sra.ebi.ac.uk/vol1/fastq/ERR142/088/ERR14221788/ERR14221788_2.fastq.gz
ERR14221724,9913,Bos taurus,RM5129a,Holstein,blood sample,2024,,Switzerland,PRJEB83441,SAMEA117502258,ILLUMINA,Illumina NovaSeq 6000,WGS,GENOMIC,RANDOM,668724772,ftp.sra.ebi.ac.uk/vol1/fastq/ERR142/024/ERR14221724/ERR14221724_1.fastq.gz,ftp.sra.ebi.ac.uk/vol1/fastq/ERR142/024/ERR14221724/ERR14221724_2.fastq.gz
SRR8437807,72542,Capra ibex,ib.VS0081_wh,Model organism or animal sample from Capra ibex,Model organism or animal sample from Capra ibex,,,,PRJNA514886,SAMN10736147,ILLUMINA,Illumina HiSeq 2500,WGS,GENOMIC,RANDOM,240031870,ftp.sra.ebi.ac.uk/vol1/fastq/SRR843/007/SRR8437807/SRR8437807_1.fastq.gz,ftp.sra.ebi.ac.uk/vol1/fastq/SRR843/007/SRR8437807/SRR8437807_2.fastq.gz
SRR8437808,72542,Capra ibex,ib.VS0079_wh,Model organism or animal sample from Capra ibex,Model organism or animal sample from Capra ibex,,,,PRJNA514886,SAMN10736146,ILLUMINA,Illumina HiSeq 2500,WGS,GENOMIC,RANDOM,249096011,ftp.sra.ebi.ac.uk/vol1/fastq/SRR843/008/SRR8437808/SRR8437808_1.fastq.gz,ftp.sra.ebi.ac.uk/vol1/fastq/SRR843/008/SRR8437808/SRR8437808_2.fastq.gz
SRR8437776,72542,Capra ibex,ib.BE0283_br,Model organism or animal sample from Capra ibex,Model organism or animal sample from Capra ibex,,,,PRJNA514886,SAMN10736126,ILLUMINA,Illumina HiSeq 4000,WGS,GENOMIC,RANDOM,260684851,ftp.sra.ebi.ac.uk/vol1/fastq/SRR843/006/SRR8437776/SRR8437776_1.fastq.gz,ftp.sra.ebi.ac.uk/vol1/fastq/SRR843/006/SRR8437776/SRR8437776_2.fastq.gz
SRR8437796,72542,Capra ibex,ib.GPV05C_gp,Model organism or animal sample from Capra ibex,Model organism or animal sample from Capra ibex,,,,PRJNA514886,SAMN10736133,ILLUMINA,Illumina HiSeq 4000,WGS,GENOMIC,RANDOM,228368574,ftp.sra.ebi.ac.uk/vol1/fastq/SRR843/006/SRR8437796/SRR8437796_1.fastq.gz,ftp.sra.ebi.ac.uk/vol1/fastq/SRR843/006/SRR8437796/SRR8437796_2.fastq.gz
SRR8437811,72542,Capra ibex,ib.OW0002_br,Model organism or animal sample from Capra ibex,Model organism or animal sample from Capra ibex,,,,PRJNA514886,SAMN10736143,ILLUMINA,Illumina HiSeq 4000,WGS,GENOMIC,RANDOM,238227006,ftp.sra.ebi.ac.uk/vol1/fastq/SRR843/001/SRR8437811/SRR8437811_1.fastq.gz,ftp.sra.ebi.ac.uk/vol1/fastq/SRR843/001/SRR8437811/SRR8437811_2.fastq.gz
SRR8437803,72542,Capra ibex,ib.VS1121_pl,Model organism or animal sample from Capra ibex,Model organism or animal sample from Capra ibex,,,,PRJNA514886,SAMN10736149,ILLUMINA,Illumina HiSeq 4000,WGS,GENOMIC,RANDOM,227365943,ftp.sra.ebi.ac.uk/vol1/fastq/SRR843/003/SRR8437803/SRR8437803_1.fastq.gz,ftp.sra.ebi.ac.uk/vol1/fastq/SRR843/003/SRR8437803/SRR8437803_2.fastq.gz
SRR8437801,72542,Capra ibex,ib.GR0201_al,Model organism or animal sample from Capra ibex,Model organism or animal sample from Capra ibex,,,,PRJNA514886,SAMN10736138,ILLUMINA,Illumina HiSeq 2500,WGS,GENOMIC,RANDOM,224558986,ftp.sra.ebi.ac.uk/vol1/fastq/SRR843/001/SRR8437801/SRR8437801_1.fastq.gz,ftp.sra.ebi.ac.uk/vol1/fastq/SRR843/001/SRR8437801/SRR8437801_2.fastq.gz
SRR8437783,72542,Capra ibex,ib.BE0463_bo,Model organism or animal sample from Capra ibex,Model organism or animal sample from Capra ibex,,,,PRJNA514886,SAMN10736129,ILLUMINA,Illumina HiSeq 4000,WGS,GENOMIC,RANDOM,223409638,ftp.sra.ebi.ac.uk/vol1/fastq/SRR843/003/SRR8437783/SRR8437783_1.fastq.gz,ftp.sra.ebi.ac.uk/vol1/fastq/SRR843/003/SRR8437783/SRR8437783_2.fastq.gz
SRR8437775,72542,Capra ibex,ib.BE0010_br,Model organism or animal sample from Capra ibex,Model organism or animal sample from Capra ibex,,,,PRJNA514886,SAMN10736125,ILLUMINA,Illumina HiSeq 4000,WGS,GENOMIC,RANDOM,240776337,ftp.sra.ebi.ac.uk/vol1/fastq/SRR843/005/SRR8437775/SRR8437775_1.fastq.gz,ftp.sra.ebi.ac.uk/vol1/fastq/SRR843/005/SRR8437775/SRR8437775_2.fastq.gz
SRR8437799,72542,Capra ibex,ib.GPV18C_gp,Model organism or animal sample from Capra ibex,Model organism or animal sample from Capra ibex,,,,PRJNA514886,SAMN10736136,ILLUMINA,Illumina HiSeq 4000,WGS,GENOMIC,RANDOM,236865746,ftp.sra.ebi.ac.uk/vol1/fastq/SRR843/009/SRR8437799/SRR8437799_1.fastq.gz,ftp.sra.ebi.ac.uk/vol1/fastq/SRR843/009/SRR8437799/SRR8437799_2.fastq.gz
SRR8437802,72542,Capra ibex,ib.GR0323_al,Model organism or animal sample from Capra ibex,Model organism or animal sample from Capra ibex,,,,PRJNA514886,SAMN10736139,ILLUMINA,Illumina HiSeq 4000,WGS,GENOMIC,RANDOM,226856696,ftp.sra.ebi.ac.uk/vol1/fastq/SRR843/002/SRR8437802/SRR8437802_1.fastq.gz,ftp.sra.ebi.ac.uk/vol1/fastq/SRR843/002/SRR8437802/SRR8437802_2.fastq.gz
SRR8437804,72542,Capra ibex,ib.VS0139_pl,Model organism or animal sample from Capra ibex,Model organism or animal sample from Capra ibex,,,,PRJNA514886,SAMN10736148,ILLUMINA,Illumina HiSeq 4000,WGS,GENOMIC,RANDOM,232501688,ftp.sra.ebi.ac.uk/vol1/fastq/SRR843/004/SRR8437804/SRR8437804_1.fastq.gz,ftp.sra.ebi.ac.uk/vol1/fastq/SRR843/004/SRR8437804/SRR8437804_2.fastq.gz
SRR8437806,72542,Capra ibex,ib.UR0036_ob,Model organism or animal sample from Capra ibex,Model organism or animal sample from Capra ibex,,,,PRJNA514886,SAMN10736144,ILLUMINA,Illumina HiSeq 4000,WGS,GENOMIC,RANDOM,228640232,ftp.sra.ebi.ac.uk/vol1/fastq/SRR843/006/SRR8437806/SRR8437806_1.fastq.gz,ftp.sra.ebi.ac.uk/vol1/fastq/SRR843/006/SRR8437806/SRR8437806_2.fastq.gz
SRR8437810,72542,Capra ibex,ib.GR0442_al,Model organism or animal sample from Capra ibex,Model organism or animal sample from Capra ibex,,,,PRJNA514886,SAMN10736140,ILLUMINA,Illumina HiSeq 4000,WGS,GENOMIC,RANDOM,225432920,ftp.sra.ebi.ac.uk/vol1/fastq/SRR843/000/SRR8437810/SRR8437810_1.fastq.gz,ftp.sra.ebi.ac.uk/vol1/fastq/SRR843/000/SRR8437810/SRR8437810_2.fastq.gz
SRR8437777,72542,Capra ibex,ib.BE0309_bo,Model organism or animal sample from Capra ibex,Model organism or animal sample from Capra ibex,,,,PRJNA514886,SAMN10736127,ILLUMINA,Illumina HiSeq 4000,WGS,GENOMIC,RANDOM,223593437,ftp.sra.ebi.ac.uk/vol1/fastq/SRR843/007/SRR8437777/SRR8437777_1.fastq.gz,ftp.sra.ebi.ac.uk/vol1/fastq/SRR843/007/SRR8437777/SRR8437777_2.fastq.gz
ERR10027424,111900,Erebia cassioides,X1804,X1804,Thorax tissue of a unique Erebia cassioides individual from Switzerland,2019-08-16,,Switzerland,PRJEB54919,SAMEA110460563,ILLUMINA,Illumina NovaSeq 6000,WGS,GENOMIC,RANDOM,15235810,ftp.sra.ebi.ac.uk/vol1/fastq/ERR100/024/ERR10027424/ERR10027424_1.fastq.gz,ftp.sra.ebi.ac.uk/vol1/fastq/ERR100/024/ERR10027424/ERR10027424_2.fastq.gz
ERR10026341,111900,Erebia cassioides,X1804,X1804,Thorax tissue of a unique Erebia cassioides individual from Switzerland,2019-08-16,,Switzerland,PRJEB54919,SAMEA110460563,ILLUMINA,Illumina NovaSeq 6000,WGS,GENOMIC,RANDOM,28631028,ftp.sra.ebi.ac.uk/vol1/fastq/ERR100/041/ERR10026341/ERR10026341_1.fastq.gz,ftp.sra.ebi.ac.uk/vol1/fastq/ERR100/041/ERR10026341/ERR10026341_2.fastq.gz
ERR10027687,111900,Erebia cassioides,X530,X530,Thorax tissue of a unique Erebia cassioides individual from Switzerland,2017-08-18,,Switzerland,PRJEB54919,SAMEA110460641,ILLUMINA,Illumina NovaSeq 6000,WGS,GENOMIC,RANDOM,49841832,ftp.sra.ebi.ac.uk/vol1/fastq/ERR100/087/ERR10027687/ERR10027687_1.fastq.gz,ftp.sra.ebi.ac.uk/vol1/fastq/ERR100/087/ERR10027687/ERR10027687_2.fastq.gz
ERR10027422,111900,Erebia cassioides,X1804,X1804,Thorax tissue of a unique Erebia cassioides individual from Switzerland,2019-08-16,,Switzerland,PRJEB54919,SAMEA110460563,ILLUMINA,Illumina NovaSeq 6000,WGS,GENOMIC,RANDOM,27490104,ftp.sra.ebi.ac.uk/vol1/fastq/ERR100/022/ERR10027422/ERR10027422_1.fastq.gz,ftp.sra.ebi.ac.uk/vol1/fastq/ERR100/022/ERR10027422/ERR10027422_2.fastq.gz
ERR10027689,111900,Erebia cassioides,X1957,X1957,Thorax tissue of a unique Erebia cassioides individual from Switzerland,2019-08-30,,Switzerland,PRJEB54919,SAMEA110460587,ILLUMINA,Illumina NovaSeq 6000,WGS,GENOMIC,RANDOM,15677652,ftp.sra.ebi.ac.uk/vol1/fastq/ERR100/089/ERR10027689/ERR10027689_1.fastq.gz,ftp.sra.ebi.ac.uk/vol1/fastq/ERR100/089/ERR10027689/ERR10027689_2.fastq.gz
ERR10027360,111900,Erebia cassioides,X1808,X1808,Thorax tissue of a unique Erebia cassioides individual from Switzerland,2019-08-16,,Switzerland,PRJEB54919,SAMEA110460565,ILLUMINA,Illumina NovaSeq 6000,WGS,GENOMIC,RANDOM,25957934,ftp.sra.ebi.ac.uk/vol1/fastq/ERR100/060/ERR10027360/ERR10027360_1.fastq.gz,ftp.sra.ebi.ac.uk/vol1/fastq/ERR100/060/ERR10027360/ERR10027360_2.fastq.gz
ERR10026516,111900,Erebia cassioides,X2463,X2463,Thorax tissue of a unique Erebia cassioides individual from Switzerland,2020-08-20,,Switzerland,PRJEB54919,SAMEA110460604,ILLUMINA,Illumina NovaSeq 6000,WGS,GENOMIC,RANDOM,16174542,ftp.sra.ebi.ac.uk/vol1/fastq/ERR100/016/ERR10026516/ERR10026516_1.fastq.gz,ftp.sra.ebi.ac.uk/vol1/fastq/ERR100/016/ERR10026516/ERR10026516_2.fastq.gz
ERR10026492,111900,Erebia cassioides,X2033,X2033,Thorax tissue of a unique Erebia cassioides individual from Switzerland,2019-09-04,,Switzerland,PRJEB54919,SAMEA110460590,ILLUMINA,Illumina NovaSeq 6000,WGS,GENOMIC,RANDOM,27834818,ftp.sra.ebi.ac.uk/vol1/fastq/ERR100/092/ERR10026492/ERR10026492_1.fastq.gz,ftp.sra.ebi.ac.uk/vol1/fastq/ERR100/092/ERR10026492/ERR10026492_2.fastq.gz
ERR10026363,111900,Erebia cassioides,X1826,X1826,Thorax tissue of a unique Erebia cassioides individual from Switzerland,2019-08-17,,Switzerland,PRJEB54919,SAMEA110460568,ILLUMINA,Illumina NovaSeq 6000,WGS,GENOMIC,RANDOM,29237754,ftp.sra.ebi.ac.uk/vol1/fastq/ERR100/063/ERR10026363/ERR10026363_1.fastq.gz,ftp.sra.ebi.ac.uk/vol1/fastq/ERR100/063/ERR10026363/ERR10026363_2.fastq.gz
ERR10027400,111900,Erebia cassioides,X1824,X1824,Thorax tissue of a unique Erebia cassioides individual from Switzerland,2019-08-17,,Switzerland,PRJEB54919,SAMEA110460566,ILLUMINA,Illumina NovaSeq 6000,WGS,GENOMIC,RANDOM,26575782,ftp.sra.ebi.ac.uk/vol1/fastq/ERR100/000/ERR10027400/ERR10027400_1.fastq.gz,ftp.sra.ebi.ac.uk/vol1/fastq/ERR100/000/ERR10027400/ERR10027400_2.fastq.gz
ERR10026305,111900,Erebia cassioides,X1808,X1808,Thorax tissue of a unique Erebia cassioides individual from Switzerland,2019-08-16,,Switzerland,PRJEB54919,SAMEA110460565,ILLUMINA,Illumina NovaSeq 6000,WGS,GENOMIC,RANDOM,27119660,ftp.sra.ebi.ac.uk/vol1/fastq/ERR100/005/ERR10026305/ERR10026305_1.fastq.gz,ftp.sra.ebi.ac.uk/vol1/fastq/ERR100/005/ERR10026305/ERR10026305_2.fastq.gz
ERR10027692,111900,Erebia cassioides,X1957,X1957,Thorax tissue of a unique Erebia cassioides individual from Switzerland,2019-08-30,,Switzerland,PRJEB54919,SAMEA110460587,ILLUMINA,Illumina NovaSeq 6000,WGS,GENOMIC,RANDOM,37822514,ftp.sra.ebi.ac.uk/vol1/fastq/ERR100/092/ERR10027692/ERR10027692_1.fastq.gz,ftp.sra.ebi.ac.uk/vol1/fastq/ERR100/092/ERR10027692/ERR10027692_2.fastq.gz
ERR10026357,111900,Erebia cassioides,X1844,X1844,Thorax tissue of a unique Erebia cassioides individual from Switzerland,2022-08-17,,Switzerland,PRJEB54919,SAMEA110460572,ILLUMINA,Illumina NovaSeq 6000,WGS,GENOMIC,RANDOM,27046726,ftp.sra.ebi.ac.uk/vol1/fastq/ERR100/057/ERR10026357/ERR10026357_1.fastq.gz,ftp.sra.ebi.ac.uk/vol1/fastq/ERR100/057/ERR10026357/ERR10026357_2.fastq.gz
ERR10027685,111900,Erebia cassioides,X530,X530,Thorax tissue of a unique Erebia cassioides individual from Switzerland,2017-08-18,,Switzerland,PRJEB54919,SAMEA110460641,ILLUMINA,Illumina NovaSeq 6000,WGS,GENOMIC,RANDOM,18964818,ftp.sra.ebi.ac.uk/vol1/fastq/ERR100/085/ERR10027685/ERR10027685_1.fastq.gz,ftp.sra.ebi.ac.uk/vol1/fastq/ERR100/085/ERR10027685/ERR10027685_2.fastq.gz
ERR10026330,111900,Erebia cassioides,X1824,X1824,Thorax tissue of a unique Erebia cassioides individual from Switzerland,2019-08-17,,Switzerland,PRJEB54919,SAMEA110460566,ILLUMINA,Illumina NovaSeq 6000,WGS,GENOMIC,RANDOM,27657638,ftp.sra.ebi.ac.uk/vol1/fastq/ERR100/030/ERR10026330/ERR10026330_1.fastq.gz,ftp.sra.ebi.ac.uk/vol1/fastq/ERR100/030/ERR10026330/ERR10026330_2.fastq.gz
ERR10028338,111900,Erebia cassioides,X1847,X1847,Thorax tissue of a unique Erebia cassioides individual from Switzerland,2019-08-22,,Switzerland,PRJEB54919,SAMEA110460574,ILLUMINA,Illumina NovaSeq 6000,WGS,GENOMIC,RANDOM,25178608,ftp.sra.ebi.ac.uk/vol1/fastq/ERR100/038/ERR10028338/ERR10028338_1.fastq.gz,ftp.sra.ebi.ac.uk/vol1/fastq/ERR100/038/ERR10028338/ERR10028338_2.fastq.gz
ERR10025925,111900,Erebia cassioides,X1954,X1954,Thorax tissue of a unique Erebia cassioides individual from Switzerland,2019-08-27,,Switzerland,PRJEB54919,SAMEA110460586,ILLUMINA,Illumina NovaSeq 6000,WGS,GENOMIC,RANDOM,15044380,ftp.sra.ebi.ac.uk/vol1/fastq/ERR100/025/ERR10025925/ERR10025925_1.fastq.gz,ftp.sra.ebi.ac.uk/vol1/fastq/ERR100/025/ERR10025925/ERR10025925_2.fastq.gz
ERR10029984,111900,Erebia cassioides,X2468,X2468,Thorax tissue of a unique Erebia cassioides individual from Switzerland,2020-08-20,,Switzerland,PRJEB54919,SAMEA110460605,ILLUMINA,Illumina NovaSeq 6000,WGS,GENOMIC,RANDOM,12535460,ftp.sra.ebi.ac.uk/vol1/fastq/ERR100/084/ERR10029984/ERR10029984_1.fastq.gz,ftp.sra.ebi.ac.uk/vol1/fastq/ERR100/084/ERR10029984/ERR10029984_2.fastq.gz
ERR10027655,111900,Erebia cassioides,X2468,X2468,Thorax tissue of a unique Erebia cassioides individual from Switzerland,2020-08-20,,Switzerland,PRJEB54919,SAMEA110460605,ILLUMINA,Illumina NovaSeq 6000,WGS,GENOMIC,RANDOM,15429670,ftp.sra.ebi.ac.uk/vol1/fastq/ERR100/055/ERR10027655/ERR10027655_1.fastq.gz,ftp.sra.ebi.ac.uk/vol1/fastq/ERR100/055/ERR10027655/ERR10027655_2.fastq.gz
ERR10027651,111900,Erebia cassioides,X2463,X2463,Thorax tissue of a unique Erebia cassioides individual from Switzerland,2020-08-20,,Switzerland,PRJEB54919,SAMEA110460604,ILLUMINA,Illumina NovaSeq 6000,WGS,GENOMIC,RANDOM,15411212,ftp.sra.ebi.ac.uk/vol1/fastq/ERR100/051/ERR10027651/ERR10027651_1.fastq.gz,ftp.sra.ebi.ac.uk/vol1/fastq/ERR100/051/ERR10027651/ERR10027651_2.fastq.gz
ERR10027620,111900,Erebia cassioides,X1920,X1920,Thorax tissue of a unique Erebia cassioides individual from Switzerland,2019-08-26,,Switzerland,PRJEB54919,SAMEA110460583,ILLUMINA,Illumina NovaSeq 6000,WGS,GENOMIC,RANDOM,16126030,ftp.sra.ebi.ac.uk/vol1/fastq/ERR100/020/ERR10027620/ERR10027620_1.fastq.gz,ftp.sra.ebi.ac.uk/vol1/fastq/ERR100/020/ERR10027620/ERR10027620_2.fastq.gz
ERR10026288,111900,Erebia cassioides,X1774,X1774,Thorax tissue of a unique Erebia cassioides individual from Switzerland,2019-08-16,,Switzerland,PRJEB54919,SAMEA110460561,ILLUMINA,Illumina NovaSeq 6000,WGS,GENOMIC,RANDOM,27286436,ftp.sra.ebi.ac.uk/vol1/fastq/ERR100/088/ERR10026288/ERR10026288_1.fastq.gz,ftp.sra.ebi.ac.uk/vol1/fastq/ERR100/088/ERR10026288/ERR10026288_2.fastq.gz
ERR10027464,111900,Erebia cassioides,X1826,X1826,Thorax tissue of a unique Erebia cassioides individual from Switzerland,2019-08-17,,Switzerland,PRJEB54919,SAMEA110460568,ILLUMINA,Illumina NovaSeq 6000,WGS,GENOMIC,RANDOM,28045320,ftp.sra.ebi.ac.uk/vol1/fastq/ERR100/064/ERR10027464/ERR10027464_1.fastq.gz,ftp.sra.ebi.ac.uk/vol1/fastq/ERR100/064/ERR10027464/ERR10027464_2.fastq.gz
ERR10027612,111900,Erebia cassioides,X2033,X2033,Thorax tissue of a unique Erebia cassioides individual from Switzerland,2019-09-04,,Switzerland,PRJEB54919,SAMEA110460590,ILLUMINA,Illumina NovaSeq 6000,WGS,GENOMIC,RANDOM,14385910,ftp.sra.ebi.ac.uk/vol1/fastq/ERR100/012/ERR10027612/ERR10027612_1.fastq.gz,ftp.sra.ebi.ac.uk/vol1/fastq/ERR100/012/ERR10027612/ERR10027612_2.fastq.gz
ERR10028631,111900,Erebia cassioides,X1804,X1804,Thorax tissue of a unique Erebia cassioides individual from Switzerland,2019-08-16,,Switzerland,PRJEB54919,SAMEA110460563,ILLUMINA,Illumina NovaSeq 6000,WGS,GENOMIC,RANDOM,26248876,ftp.sra.ebi.ac.uk/vol1/fastq/ERR100/031/ERR10028631/ERR10028631_1.fastq.gz,ftp.sra.ebi.ac.uk/vol1/fastq/ERR100/031/ERR10028631/ERR10028631_2.fastq.gz
ERR10029983,111900,Erebia cassioides,X2463,X2463,Thorax tissue of a unique Erebia cassioides individual from Switzerland,2020-08-20,,Switzerland,PRJEB54919,SAMEA110460604,ILLUMINA,Illumina NovaSeq 6000,WGS,GENOMIC,RANDOM,12626160,ftp.sra.ebi.ac.uk/vol1/fastq/ERR100/083/ERR10029983/ERR10029983_1.fastq.gz,ftp.sra.ebi.ac.uk/vol1/fastq/ERR100/083/ERR10029983/ERR10029983_2.fastq.gz
ERR10026311,111900,Erebia cassioides,X1847,X1847,Thorax tissue of a unique Erebia cassioides individual from Switzerland,2019-08-22,,Switzerland,PRJEB54919,SAMEA110460574,ILLUMINA,Illumina NovaSeq 6000,WGS,GENOMIC,RANDOM,27510708,ftp.sra.ebi.ac.uk/vol1/fastq/ERR100/011/ERR10026311/ERR10026311_1.fastq.gz,ftp.sra.ebi.ac.uk/vol1/fastq/ERR100/011/ERR10026311/ERR10026311_2.fastq.gz
ERR10026518,111900,Erebia cassioides,X2468,X2468,Thorax tissue of a unique Erebia cassioides individual from Switzerland,2020-08-20,,Switzerland,PRJEB54919,SAMEA110460605,ILLUMINA,Illumina NovaSeq 6000,WGS,GENOMIC,RANDOM,16143564,ftp.sra.ebi.ac.uk/vol1/fastq/ERR100/018/ERR10026518/ERR10026518_1.fastq.gz,ftp.sra.ebi.ac.uk/vol1/fastq/ERR100/018/ERR10026518/ERR10026518_2.fastq.gz
ERR10027371,111900,Erebia cassioides,X1847,X1847,Thorax tissue of a unique Erebia cassioides individual from Switzerland,2019-08-22,,Switzerland,PRJEB54919,SAMEA110460574,ILLUMINA,Illumina NovaSeq 6000,WGS,GENOMIC,RANDOM,14713982,ftp.sra.ebi.ac.uk/vol1/fastq/ERR100/071/ERR10027371/ERR10027371_1.fastq.gz,ftp.sra.ebi.ac.uk/vol1/fastq/ERR100/071/ERR10027371/ERR10027371_2.fastq.gz
ERR10027657,111900,Erebia cassioides,X2468,X2468,Thorax tissue of a unique Erebia cassioides individual from Switzerland,2020-08-20,,Switzerland,PRJEB54919,SAMEA110460605,ILLUMINA,Illumina NovaSeq 6000,WGS,GENOMIC,RANDOM,40425970,ftp.sra.ebi.ac.uk/vol1/fastq/ERR100/057/ERR10027657/ERR10027657_1.fastq.gz,ftp.sra.ebi.ac.uk/vol1/fastq/ERR100/057/ERR10027657/ERR10027657_2.fastq.gz
ERR10025944,111900,Erebia cassioides,X1954,X1954,Thorax tissue of a unique Erebia cassioides individual from Switzerland,2019-08-27,,Switzerland,PRJEB54919,SAMEA110460586,ILLUMINA,Illumina NovaSeq 6000,WGS,GENOMIC,RANDOM,12094336,ftp.sra.ebi.ac.uk/vol1/fastq/ERR100/044/ERR10025944/ERR10025944_1.fastq.gz,ftp.sra.ebi.ac.uk/vol1/fastq/ERR100/044/ERR10025944/ERR10025944_2.fastq.gz
ERR10028333,111900,Erebia cassioides,X1808,X1808,Thorax tissue of a unique Erebia cassioides individual from Switzerland,2019-08-16,,Switzerland,PRJEB54919,SAMEA110460565,ILLUMINA,Illumina NovaSeq 6000,WGS,GENOMIC,RANDOM,25236502,ftp.sra.ebi.ac.uk/vol1/fastq/ERR100/033/ERR10028333/ERR10028333_1.fastq.gz,ftp.sra.ebi.ac.uk/vol1/fastq/ERR100/033/ERR10028333/ERR10028333_2.fastq.gz
ERR10027361,111900,Erebia cassioides,X1808,X1808,Thorax tissue of a unique Erebia cassioides individual from Switzerland,2019-08-16,,Switzerland,PRJEB54919,SAMEA110460565,ILLUMINA,Illumina NovaSeq 6000,WGS,GENOMIC,RANDOM,14578610,ftp.sra.ebi.ac.uk/vol1/fastq/ERR100/061/ERR10027361/ERR10027361_1.fastq.gz,ftp.sra.ebi.ac.uk/vol1/fastq/ERR100/061/ERR10027361/ERR10027361_2.fastq.gz
ERR10028648,111900,Erebia cassioides,X1844,X1844,Thorax tissue of a unique Erebia cassioides individual from Switzerland,2022-08-17,,Switzerland,PRJEB54919,SAMEA110460572,ILLUMINA,Illumina NovaSeq 6000,WGS,GENOMIC,RANDOM,25282320,ftp.sra.ebi.ac.uk/vol1/fastq/ERR100/048/ERR10028648/ERR10028648_1.fastq.gz,ftp.sra.ebi.ac.uk/vol1/fastq/ERR100/048/ERR10028648/ERR10028648_2.fastq.gz
ERR10026533,111900,Erebia cassioides,X1957,X1957,Thorax tissue of a unique Erebia cassioides individual from Switzerland,2019-08-30,,Switzerland,PRJEB54919,SAMEA110460587,ILLUMINA,Illumina NovaSeq 6000,WGS,GENOMIC,RANDOM,16406578,ftp.sra.ebi.ac.uk/vol1/fastq/ERR100/033/ERR10026533/ERR10026533_1.fastq.gz,ftp.sra.ebi.ac.uk/vol1/fastq/ERR100/033/ERR10026533/ERR10026533_2.fastq.gz
ERR10027673,111900,Erebia cassioides,X2479,X2479,Thorax tissue of a unique Erebia cassioides individual from Switzerland,2020-08-20,,Switzerland,PRJEB54919,SAMEA110460608,ILLUMINA,Illumina NovaSeq 6000,WGS,GENOMIC,RANDOM,33884246,ftp.sra.ebi.ac.uk/vol1/fastq/ERR100/073/ERR10027673/ERR10027673_1.fastq.gz,ftp.sra.ebi.ac.uk/vol1/fastq/ERR100/073/ERR10027673/ERR10027673_2.fastq.gz
ERR10026523,111900,Erebia cassioides,X2479,X2479,Thorax tissue of a unique Erebia cassioides individual from Switzerland,2020-08-20,,Switzerland,PRJEB54919,SAMEA110460608,ILLUMINA,Illumina NovaSeq 6000,WGS,GENOMIC,RANDOM,14760670,ftp.sra.ebi.ac.uk/vol1/fastq/ERR100/023/ERR10026523/ERR10026523_1.fastq.gz,ftp.sra.ebi.ac.uk/vol1/fastq/ERR100/023/ERR10026523/ERR10026523_2.fastq.gz
ERR10029997,111900,Erebia cassioides,X530,X530,Thorax tissue of a unique Erebia cassioides individual from Switzerland,2017-08-18,,Switzerland,PRJEB54919,SAMEA110460641,ILLUMINA,Illumina NovaSeq 6000,WGS,GENOMIC,RANDOM,15344588,ftp.sra.ebi.ac.uk/vol1/fastq/ERR100/097/ERR10029997/ERR10029997_1.fastq.gz,ftp.sra.ebi.ac.uk/vol1/fastq/ERR100/097/ERR10029997/ERR10029997_2.fastq.gz
ERR10029960,111900,Erebia cassioides,X1920,X1920,Thorax tissue of a unique Erebia cassioides individual from Switzerland,2019-08-26,,Switzerland,PRJEB54919,SAMEA110460583,ILLUMINA,Illumina NovaSeq 6000,WGS,GENOMIC,RANDOM,27795412,ftp.sra.ebi.ac.uk/vol1/fastq/ERR100/060/ERR10029960/ERR10029960_1.fastq.gz,ftp.sra.ebi.ac.uk/vol1/fastq/ERR100/060/ERR10029960/ERR10029960_2.fastq.gz
ERR10029954,111900,Erebia cassioides,X2033,X2033,Thorax tissue of a unique Erebia cassioides individual from Switzerland,2019-09-04,,Switzerland,PRJEB54919,SAMEA110460590,ILLUMINA,Illumina NovaSeq 6000,WGS,GENOMIC,RANDOM,25236462,ftp.sra.ebi.ac.uk/vol1/fastq/ERR100/054/ERR10029954/ERR10029954_1.fastq.gz,ftp.sra.ebi.ac.uk/vol1/fastq/ERR100/054/ERR10029954/ERR10029954_2.fastq.gz
ERR10028654,111900,Erebia cassioides,X1826,X1826,Thorax tissue of a unique Erebia cassioides individual from Switzerland,2019-08-17,,Switzerland,PRJEB54919,SAMEA110460568,ILLUMINA,Illumina NovaSeq 6000,WGS,GENOMIC,RANDOM,27099506,ftp.sra.ebi.ac.uk/vol1/fastq/ERR100/054/ERR10028654/ERR10028654_1.fastq.gz,ftp.sra.ebi.ac.uk/vol1/fastq/ERR100/054/ERR10028654/ERR10028654_2.fastq.gz
ERR10028327,111900,Erebia cassioides,X1774,X1774,Thorax tissue of a unique Erebia cassioides individual from Switzerland,2019-08-16,,Switzerland,PRJEB54919,SAMEA110460561,ILLUMINA,Illumina NovaSeq 6000,WGS,GENOMIC,RANDOM,25121258,ftp.sra.ebi.ac.uk/vol1/fastq/ERR100/027/ERR10028327/ERR10028327_1.fastq.gz,ftp.sra.ebi.ac.uk/vol1/fastq/ERR100/027/ERR10028327/ERR10028327_2.fastq.gz
ERR10027611,111900,Erebia cassioides,X2033,X2033,Thorax tissue of a unique Erebia cassioides individual from Switzerland,2019-09-04,,Switzerland,PRJEB54919,SAMEA110460590,ILLUMINA,Illumina NovaSeq 6000,WGS,GENOMIC,RANDOM,26514506,ftp.sra.ebi.ac.uk/vol1/fastq/ERR100/011/ERR10027611/ERR10027611_1.fastq.gz,ftp.sra.ebi.ac.uk/vol1/fastq/ERR100/011/ERR10027611/ERR10027611_2.fastq.gz
ERR10027465,111900,Erebia cassioides,X1826,X1826,Thorax tissue of a unique Erebia cassioides individual from Switzerland,2019-08-17,,Switzerland,PRJEB54919,SAMEA110460568,ILLUMINA,Illumina NovaSeq 6000,WGS,GENOMIC,RANDOM,15762422,ftp.sra.ebi.ac.uk/vol1/fastq/ERR100/065/ERR10027465/ERR10027465_1.fastq.gz,ftp.sra.ebi.ac.uk/vol1/fastq/ERR100/065/ERR10027465/ERR10027465_2.fastq.gz
ERR10027349,111900,Erebia cassioides,X1774,X1774,Thorax tissue of a unique Erebia cassioides individual from Switzerland,2019-08-16,,Switzerland,PRJEB54919,SAMEA110460561,ILLUMINA,Illumina NovaSeq 6000,WGS,GENOMIC,RANDOM,26195484,ftp.sra.ebi.ac.uk/vol1/fastq/ERR100/049/ERR10027349/ERR10027349_1.fastq.gz,ftp.sra.ebi.ac.uk/vol1/fastq/ERR100/049/ERR10027349/ERR10027349_2.fastq.gz
ERR10026529,111900,Erebia cassioides,X530,X530,Thorax tissue of a unique Erebia cassioides individual from Switzerland,2017-08-18,,Switzerland,PRJEB54919,SAMEA110460641,ILLUMINA,Illumina NovaSeq 6000,WGS,GENOMIC,RANDOM,19751290,ftp.sra.ebi.ac.uk/vol1/fastq/ERR100/029/ERR10026529/ERR10026529_1.fastq.gz,ftp.sra.ebi.ac.uk/vol1/fastq/ERR100/029/ERR10026529/ERR10026529_2.fastq.gz
ERR10026497,111900,Erebia cassioides,X1920,X1920,Thorax tissue of a unique Erebia cassioides individual from Switzerland,2019-08-26,,Switzerland,PRJEB54919,SAMEA110460583,ILLUMINA,Illumina NovaSeq 6000,WGS,GENOMIC,RANDOM,29647360,ftp.sra.ebi.ac.uk/vol1/fastq/ERR100/097/ERR10026497/ERR10026497_1.fastq.gz,ftp.sra.ebi.ac.uk/vol1/fastq/ERR100/097/ERR10026497/ERR10026497_2.fastq.gz
ERR10025941,111900,Erebia cassioides,X1954,X1954,Thorax tissue of a unique Erebia cassioides individual from Switzerland,2019-08-27,,Switzerland,PRJEB54919,SAMEA110460586,ILLUMINA,Illumina NovaSeq 6000,WGS,GENOMIC,RANDOM,15668958,ftp.sra.ebi.ac.uk/vol1/fastq/ERR100/041/ERR10025941/ERR10025941_1.fastq.gz,ftp.sra.ebi.ac.uk/vol1/fastq/ERR100/041/ERR10025941/ERR10025941_2.fastq.gz
ERR10025897,111900,Erebia cassioides,X1954,X1954,Thorax tissue of a unique Erebia cassioides individual from Switzerland,2019-08-27,,Switzerland,PRJEB54919,SAMEA110460586,ILLUMINA,Illumina NovaSeq 6000,WGS,GENOMIC,RANDOM,39905852,ftp.sra.ebi.ac.uk/vol1/fastq/ERR100/097/ERR10025897/ERR10025897_1.fastq.gz,ftp.sra.ebi.ac.uk/vol1/fastq/ERR100/097/ERR10025897/ERR10025897_2.fastq.gz
ERR10027351,111900,Erebia cassioides,X1774,X1774,Thorax tissue of a unique Erebia cassioides individual from Switzerland,2019-08-16,,Switzerland,PRJEB54919,SAMEA110460561,ILLUMINA,Illumina NovaSeq 6000,WGS,GENOMIC,RANDOM,14688406,ftp.sra.ebi.ac.uk/vol1/fastq/ERR100/051/ERR10027351/ERR10027351_1.fastq.gz,ftp.sra.ebi.ac.uk/vol1/fastq/ERR100/051/ERR10027351/ERR10027351_2.fastq.gz
ERR10027618,111900,Erebia cassioides,X1920,X1920,Thorax tissue of a unique Erebia cassioides individual from Switzerland,2019-08-26,,Switzerland,PRJEB54919,SAMEA110460583,ILLUMINA,Illumina NovaSeq 6000,WGS,GENOMIC,RANDOM,28397638,ftp.sra.ebi.ac.uk/vol1/fastq/ERR100/018/ERR10027618/ERR10027618_1.fastq.gz,ftp.sra.ebi.ac.uk/vol1/fastq/ERR100/018/ERR10027618/ERR10027618_2.fastq.gz
ERR10027670,111900,Erebia cassioides,X2479,X2479,Thorax tissue of a unique Erebia cassioides individual from Switzerland,2020-08-20,,Switzerland,PRJEB54919,SAMEA110460608,ILLUMINA,Illumina NovaSeq 6000,WGS,GENOMIC,RANDOM,13980536,ftp.sra.ebi.ac.uk/vol1/fastq/ERR100/070/ERR10027670/ERR10027670_1.fastq.gz,ftp.sra.ebi.ac.uk/vol1/fastq/ERR100/070/ERR10027670/ERR10027670_2.fastq.gz
ERR10029989,111900,Erebia cassioides,X2479,X2479,Thorax tissue of a unique Erebia cassioides individual from Switzerland,2020-08-20,,Switzerland,PRJEB54919,SAMEA110460608,ILLUMINA,Illumina NovaSeq 6000,WGS,GENOMIC,RANDOM,11217790,ftp.sra.ebi.ac.uk/vol1/fastq/ERR100/089/ERR10029989/ERR10029989_1.fastq.gz,ftp.sra.ebi.ac.uk/vol1/fastq/ERR100/089/ERR10029989/ERR10029989_2.fastq.gz
ERR10027370,111900,Erebia cassioides,X1847,X1847,Thorax tissue of a unique Erebia cassioides individual from Switzerland,2019-08-22,,Switzerland,PRJEB54919,SAMEA110460574,ILLUMINA,Illumina NovaSeq 6000,WGS,GENOMIC,RANDOM,26400608,ftp.sra.ebi.ac.uk/vol1/fastq/ERR100/070/ERR10027370/ERR10027370_1.fastq.gz,ftp.sra.ebi.ac.uk/vol1/fastq/ERR100/070/ERR10027370/ERR10027370_2.fastq.gz
ERR10027402,111900,Erebia cassioides,X1824,X1824,Thorax tissue of a unique Erebia cassioides individual from Switzerland,2019-08-17,,Switzerland,PRJEB54919,SAMEA110460566,ILLUMINA,Illumina NovaSeq 6000,WGS,GENOMIC,RANDOM,14921438,ftp.sra.ebi.ac.uk/vol1/fastq/ERR100/002/ERR10027402/ERR10027402_1.fastq.gz,ftp.sra.ebi.ac.uk/vol1/fastq/ERR100/002/ERR10027402/ERR10027402_2.fastq.gz
ERR10027454,111900,Erebia cassioides,X1844,X1844,Thorax tissue of a unique Erebia cassioides individual from Switzerland,2022-08-17,,Switzerland,PRJEB54919,SAMEA110460572,ILLUMINA,Illumina NovaSeq 6000,WGS,GENOMIC,RANDOM,14818022,ftp.sra.ebi.ac.uk/vol1/fastq/ERR100/054/ERR10027454/ERR10027454_1.fastq.gz,ftp.sra.ebi.ac.uk/vol1/fastq/ERR100/054/ERR10027454/ERR10027454_2.fastq.gz
ERR10028618,111900,Erebia cassioides,X1824,X1824,Thorax tissue of a unique Erebia cassioides individual from Switzerland,2019-08-17,,Switzerland,PRJEB54919,SAMEA110460566,ILLUMINA,Illumina NovaSeq 6000,WGS,GENOMIC,RANDOM,25398756,ftp.sra.ebi.ac.uk/vol1/fastq/ERR100/018/ERR10028618/ERR10028618_1.fastq.gz,ftp.sra.ebi.ac.uk/vol1/fastq/ERR100/018/ERR10028618/ERR10028618_2.fastq.gz
ERR10029999,111900,Erebia cassioides,X1957,X1957,Thorax tissue of a unique Erebia cassioides individual from Switzerland,2019-08-30,,Switzerland,PRJEB54919,SAMEA110460587,ILLUMINA,Illumina NovaSeq 6000,WGS,GENOMIC,RANDOM,12286780,ftp.sra.ebi.ac.uk/vol1/fastq/ERR100/099/ERR10029999/ERR10029999_1.fastq.gz,ftp.sra.ebi.ac.uk/vol1/fastq/ERR100/099/ERR10029999/ERR10029999_2.fastq.gz
ERR10027654,111900,Erebia cassioides,X2463,X2463,Thorax tissue of a unique Erebia cassioides individual from Switzerland,2020-08-20,,Switzerland,PRJEB54919,SAMEA110460604,ILLUMINA,Illumina NovaSeq 6000,WGS,GENOMIC,RANDOM,40242820,ftp.sra.ebi.ac.uk/vol1/fastq/ERR100/054/ERR10027654/ERR10027654_1.fastq.gz,ftp.sra.ebi.ac.uk/vol1/fastq/ERR100/054/ERR10027654/ERR10027654_2.fastq.gz
ERR10027452,111900,Erebia cassioides,X1844,X1844,Thorax tissue of a unique Erebia cassioides individual from Switzerland,2022-08-17,,Switzerland,PRJEB54919,SAMEA110460572,ILLUMINA,Illumina NovaSeq 6000,WGS,GENOMIC,RANDOM,25943898,ftp.sra.ebi.ac.uk/vol1/fastq/ERR100/052/ERR10027452/ERR10027452_1.fastq.gz,ftp.sra.ebi.ac.uk/vol1/fastq/ERR100/052/ERR10027452/ERR10027452_2.fastq.gz
SRR10136030,69293,Gasterosteus aculeatus,stream.6,Model organism or animal sample from Gasterosteus aculeatus,Model organism or animal sample from Gasterosteus aculeatus,,,"Switzerland: Aach stream near Riedt/Erlen, Thurgau",PRJNA566094,SAMN12779847,ILLUMINA,Illumina HiSeq 2500,WGS,GENOMIC,RANDOM,147941177,ftp.sra.ebi.ac.uk/vol1/fastq/SRR101/030/SRR10136030/SRR10136030_1.fastq.gz,ftp.sra.ebi.ac.uk/vol1/fastq/SRR101/030/SRR10136030/SRR10136030_2.fastq.gz
SRR10136031,69293,Gasterosteus aculeatus,steam.5,Model organism or animal sample from Gasterosteus aculeatus,Model organism or animal sample from Gasterosteus aculeatus,,,"Switzerland: Aach stream near Riedt/Erlen, Thurgau",PRJNA566094,SAMN12779846,ILLUMINA,Illumina HiSeq 2500,WGS,GENOMIC,RANDOM,218767680,ftp.sra.ebi.ac.uk/vol1/fastq/SRR101/031/SRR10136031/SRR10136031_1.fastq.gz,ftp.sra.ebi.ac.uk/vol1/fastq/SRR101/031/SRR10136031/SRR10136031_2.fastq.gz
SRR10136033,69293,Gasterosteus aculeatus,stream.3,Model organism or animal sample from Gasterosteus aculeatus,Model organism or animal sample from Gasterosteus aculeatus,,,"Switzerland: Aach stream near Riedt/Erlen, Thurgau",PRJNA566094,SAMN12779844,ILLUMINA,Illumina HiSeq 2500,WGS,GENOMIC,RANDOM,262570836,ftp.sra.ebi.ac.uk/vol1/fastq/SRR101/033/SRR10136033/SRR10136033_1.fastq.gz,ftp.sra.ebi.ac.uk/vol1/fastq/SRR101/033/SRR10136033/SRR10136033_2.fastq.gz
SRR10136032,69293,Gasterosteus aculeatus,stream.4,Model organism or animal sample from Gasterosteus aculeatus,Model organism or animal sample from Gasterosteus aculeatus,,,"Switzerland: Aach stream near Riedt/Erlen, Thurgau",PRJNA566094,SAMN12779845,ILLUMINA,Illumina HiSeq 2500,WGS,GENOMIC,RANDOM,213673719,ftp.sra.ebi.ac.uk/vol1/fastq/SRR101/032/SRR10136032/SRR10136032_1.fastq.gz,ftp.sra.ebi.ac.uk/vol1/fastq/SRR101/032/SRR10136032/SRR10136032_2.fastq.gz
SRR10136028,69293,Gasterosteus aculeatus,reference_pool,Model organism or animal sample from Gasterosteus aculeatus,Model organism or animal sample from Gasterosteus aculeatus,,,Switzerland,PRJNA566094,SAMN12779849,ILLUMINA,Illumina HiSeq 2500,WGS,GENOMIC,RANDOM,219293389,ftp.sra.ebi.ac.uk/vol1/fastq/SRR101/028/SRR10136028/SRR10136028_1.fastq.gz,ftp.sra.ebi.ac.uk/vol1/fastq/SRR101/028/SRR10136028/SRR10136028_2.fastq.gz
SRR10136029,69293,Gasterosteus aculeatus,lake_pool,Model organism or animal sample from Gasterosteus aculeatus,Model organism or animal sample from Gasterosteus aculeatus,,,"Switzerland: Lake Constance at the Aach mouth in Romanshorn, Thurgau",PRJNA566094,SAMN12779848,ILLUMINA,Illumina HiSeq 2500,WGS,GENOMIC,RANDOM,457586342,ftp.sra.ebi.ac.uk/vol1/fastq/SRR101/029/SRR10136029/SRR10136029_1.fastq.gz,ftp.sra.ebi.ac.uk/vol1/fastq/SRR101/029/SRR10136029/SRR10136029_2.fastq.gz
SRR10135984,69293,Gasterosteus aculeatus,stream.1,Model organism or animal sample from Gasterosteus aculeatus,Model organism or animal sample from Gasterosteus aculeatus,,,"Switzerland: Aach stream near Riedt/Erlen, Thurgau",PRJNA566094,SAMN12779842,ILLUMINA,Illumina HiSeq 2500,WGS,GENOMIC,RANDOM,147863908,ftp.sra.ebi.ac.uk/vol1/fastq/SRR101/084/SRR10135984/SRR10135984_1.fastq.gz,ftp.sra.ebi.ac.uk/vol1/fastq/SRR101/084/SRR10135984/SRR10135984_2.fastq.gz
SRR10136022,69293,Gasterosteus aculeatus,survivor_Ga3750,Model organism or animal sample from Gasterosteus aculeatus,Model organism or animal sample from Gasterosteus aculeatus,,,Switzerland,PRJNA566094,SAMN12779854,ILLUMINA,Illumina HiSeq 2500,WGS,GENOMIC,RANDOM,6286012,ftp.sra.ebi.ac.uk/vol1/fastq/SRR101/022/SRR10136022/SRR10136022_1.fastq.gz,ftp.sra.ebi.ac.uk/vol1/fastq/SRR101/022/SRR10136022/SRR10136022_2.fastq.gz
SRR10136019,69293,Gasterosteus aculeatus,survivor_Ga3753,Model organism or animal sample from Gasterosteus aculeatus,Model organism or animal sample from Gasterosteus aculeatus,,,Switzerland,PRJNA566094,SAMN12779857,ILLUMINA,Illumina HiSeq 2500,WGS,GENOMIC,RANDOM,7009466,ftp.sra.ebi.ac.uk/vol1/fastq/SRR101/019/SRR10136019/SRR10136019_1.fastq.gz,ftp.sra.ebi.ac.uk/vol1/fastq/SRR101/019/SRR10136019/SRR10136019_2.fastq.gz
SRR10136020,69293,Gasterosteus aculeatus,survivor_Ga3752,Model organism or animal sample from Gasterosteus aculeatus,Model organism or animal sample from Gasterosteus aculeatus,,,Switzerland,PRJNA566094,SAMN12779856,ILLUMINA,Illumina HiSeq 2500,WGS,GENOMIC,RANDOM,6343803,ftp.sra.ebi.ac.uk/vol1/fastq/SRR101/020/SRR10136020/SRR10136020_1.fastq.gz,ftp.sra.ebi.ac.uk/vol1/fastq/SRR101/020/SRR10136020/SRR10136020_2.fastq.gz
SRR10135983,69293,Gasterosteus aculeatus,stream.2,Model organism or animal sample from Gasterosteus aculeatus,Model organism or animal sample from Gasterosteus aculeatus,,,"Switzerland: Aach stream near Riedt/Erlen, Thurgau",PRJNA566094,SAMN12779843,ILLUMINA,Illumina HiSeq 2500,WGS,GENOMIC,RANDOM,136597568,ftp.sra.ebi.ac.uk/vol1/fastq/SRR101/083/SRR10135983/SRR10135983_1.fastq.gz,ftp.sra.ebi.ac.uk/vol1/fastq/SRR101/083/SRR10135983/SRR10135983_2.fastq.gz
SRR10135992,69293,Gasterosteus aculeatus,survivor_Ga3778,Model organism or animal sample from Gasterosteus aculeatus,Model organism or animal sample from Gasterosteus aculeatus,,,Switzerland,PRJNA566094,SAMN12779882,ILLUMINA,Illumina HiSeq 2500,WGS,GENOMIC,RANDOM,7397319,ftp.sra.ebi.ac.uk/vol1/fastq/SRR101/092/SRR10135992/SRR10135992_1.fastq.gz,ftp.sra.ebi.ac.uk/vol1/fastq/SRR101/092/SRR10135992/SRR10135992_2.fastq.gz
SRR10135993,69293,Gasterosteus aculeatus,survivor_Ga3777,Model organism or animal sample from Gasterosteus aculeatus,Model organism or animal sample from Gasterosteus aculeatus,,,Switzerland,PRJNA566094,SAMN12779881,ILLUMINA,Illumina HiSeq 2500,WGS,GENOMIC,RANDOM,5887990,ftp.sra.ebi.ac.uk/vol1/fastq/SRR101/093/SRR10135993/SRR10135993_1.fastq.gz,ftp.sra.ebi.ac.uk/vol1/fastq/SRR101/093/SRR10135993/SRR10135993_2.fastq.gz
SRR10136011,69293,Gasterosteus aculeatus,survivor_Ga3760,Model organism or animal sample from Gasterosteus aculeatus,Model organism or animal sample from Gasterosteus aculeatus,,,Switzerland,PRJNA566094,SAMN12779864,ILLUMINA,Illumina HiSeq 2500,WGS,GENOMIC,RANDOM,6237971,ftp.sra.ebi.ac.uk/vol1/fastq/SRR101/011/SRR10136011/SRR10136011_1.fastq.gz,ftp.sra.ebi.ac.uk/vol1/fastq/SRR101/011/SRR10136011/SRR10136011_2.fastq.gz
SRR10136027,69293,Gasterosteus aculeatus,survivor_Ga3746,Model organism or animal sample from Gasterosteus aculeatus,Model organism or animal sample from Gasterosteus aculeatus,,,Switzerland,PRJNA566094,SAMN12779850,ILLUMINA,Illumina HiSeq 2500,WGS,GENOMIC,RANDOM,5769652,ftp.sra.ebi.ac.uk/vol1/fastq/SRR101/027/SRR10136027/SRR10136027_1.fastq.gz,ftp.sra.ebi.ac.uk/vol1/fastq/SRR101/027/SRR10136027/SRR10136027_2.fastq.gz
SRR23190347,56313,Tyto alba,Talba_CH02,Model organism or animal sample from Tyto alba,Model organism or animal sample from Tyto alba,2004,,,PRJNA925445,SAMN32873722,ILLUMINA,Illumina HiSeq 2500,WGS,GENOMIC,RANDOM,123691170,ftp.sra.ebi.ac.uk/vol1/fastq/SRR231/047/SRR23190347/SRR23190347_1.fastq.gz,ftp.sra.ebi.ac.uk/vol1/fastq/SRR231/047/SRR23190347/SRR23190347_2.fastq.gz
SRR23190335,56313,Tyto alba,Talba_CH04,Model organism or animal sample from Tyto alba,Model organism or animal sample from Tyto alba,2004,,,PRJNA925445,SAMN32873724,ILLUMINA,Illumina HiSeq 2500,WGS,GENOMIC,RANDOM,114373181,ftp.sra.ebi.ac.uk/vol1/fastq/SRR231/035/SRR23190335/SRR23190335_1.fastq.gz,ftp.sra.ebi.ac.uk/vol1/fastq/SRR231/035/SRR23190335/SRR23190335_2.fastq.gz
SRR13664423,56313,Tyto alba,Talba_PT09,Model organism or animal sample from Tyto alba,Model organism or animal sample from Tyto alba,2013,,Portugal,PRJNA700797,SAMN17839302,ILLUMINA,Illumina HiSeq 2500,WGS,GENOMIC,RANDOM,121625746,ftp.sra.ebi.ac.uk/vol1/fastq/SRR136/023/SRR13664423/SRR13664423_1.fastq.gz,ftp.sra.ebi.ac.uk/vol1/fastq/SRR136/023/SRR13664423/SRR13664423_2.fastq.gz
SRR13664426,56313,Tyto alba,Talba_PT07,Model organism or animal sample from Tyto alba,Model organism or animal sample from Tyto alba,2012,,Portugal,PRJNA700797,SAMN17839300,ILLUMINA,Illumina HiSeq 2500,WGS,GENOMIC,RANDOM,159127755,ftp.sra.ebi.ac.uk/vol1/fastq/SRR136/026/SRR13664426/SRR13664426_1.fastq.gz,ftp.sra.ebi.ac.uk/vol1/fastq/SRR136/026/SRR13664426/SRR13664426_2.fastq.gz
SRR13664425,56313,Tyto alba,Talba_PT08,Model organism or animal sample from Tyto alba,Model organism or animal sample from Tyto alba,2013,,Portugal,PRJNA700797,SAMN17839301,ILLUMINA,Illumina HiSeq 2500,WGS,GENOMIC,RANDOM,149325782,ftp.sra.ebi.ac.uk/vol1/fastq/SRR136/025/SRR13664425/SRR13664425_1.fastq.gz,ftp.sra.ebi.ac.uk/vol1/fastq/SRR136/025/SRR13664425/SRR13664425_2.fastq.gz
SRR23190330,56313,Tyto alba,Talba_CH09,Model organism or animal sample from Tyto alba,Model organism or animal sample from Tyto alba,2006,,,PRJNA925445,SAMN32873729,ILLUMINA,Illumina HiSeq 2500,WGS,GENOMIC,RANDOM,112903036,ftp.sra.ebi.ac.uk/vol1/fastq/SRR231/030/SRR23190330/SRR23190330_1.fastq.gz,ftp.sra.ebi.ac.uk/vol1/fastq/SRR231/030/SRR23190330/SRR23190330_2.fastq.gz
SRR23190328,56313,Tyto alba,Talba_CH12,Model organism or animal sample from Tyto alba,Model organism or animal sample from Tyto alba,2008,,,PRJNA925445,SAMN32873731,ILLUMINA,Illumina HiSeq 2500,WGS,GENOMIC,RANDOM,132525640,ftp.sra.ebi.ac.uk/vol1/fastq/SRR231/028/SRR23190328/SRR23190328_1.fastq.gz,ftp.sra.ebi.ac.uk/vol1/fastq/SRR231/028/SRR23190328/SRR23190328_2.fastq.gz
SRR23190336,56313,Tyto alba,Talba_CH30,Model organism or animal sample from Tyto alba,Model organism or animal sample from Tyto alba,2008,,,PRJNA925445,SAMN32873741,ILLUMINA,Illumina HiSeq 2500,WGS,GENOMIC,RANDOM,111269244,ftp.sra.ebi.ac.uk/vol1/fastq/SRR231/036/SRR23190336/SRR23190336_1.fastq.gz,ftp.sra.ebi.ac.uk/vol1/fastq/SRR231/036/SRR23190336/SRR23190336_2.fastq.gz
SRR23190344,56313,Tyto alba,Talba_CH14,Model organism or animal sample from Tyto alba,Model organism or animal sample from Tyto alba,2008,,,PRJNA925445,SAMN32873733,ILLUMINA,Illumina HiSeq 2500,WGS,GENOMIC,RANDOM,128188035,ftp.sra.ebi.ac.uk/vol1/fastq/SRR231/044/SRR23190344/SRR23190344_1.fastq.gz,ftp.sra.ebi.ac.uk/vol1/fastq/SRR231/044/SRR23190344/SRR23190344_2.fastq.gz
SRR23190346,56313,Tyto alba,Talba_CH03,Model organism or animal sample from Tyto alba,Model organism or animal sample from Tyto alba,2004,,,PRJNA925445,SAMN32873723,ILLUMINA,Illumina HiSeq 2500,WGS,GENOMIC,RANDOM,129708692,ftp.sra.ebi.ac.uk/vol1/fastq/SRR231/046/SRR23190346/SRR23190346_1.fastq.gz,ftp.sra.ebi.ac.uk/vol1/fastq/SRR231/046/SRR23190346/SRR23190346_2.fastq.gz
SRR23190345,56313,Tyto alba,Talba_CH13,Model organism or animal sample from Tyto alba,Model organism or animal sample from Tyto alba,2008,,,PRJNA925445,SAMN32873732,ILLUMINA,Illumina HiSeq 2500,WGS,GENOMIC,RANDOM,114197058,ftp.sra.ebi.ac.uk/vol1/fastq/SRR231/045/SRR23190345/SRR23190345_1.fastq.gz,ftp.sra.ebi.ac.uk/vol1/fastq/SRR231/045/SRR23190345/SRR23190345_2.fastq.gz
SRR23190329,56313,Tyto alba,Talba_CH11,Model organism or animal sample from Tyto alba,Model organism or animal sample from Tyto alba,2008,,,PRJNA925445,SAMN32873730,ILLUMINA,Illumina HiSeq 2500,WGS,GENOMIC,RANDOM,129796858,ftp.sra.ebi.ac.uk/vol1/fastq/SRR231/029/SRR23190329/SRR23190329_1.fastq.gz,ftp.sra.ebi.ac.uk/vol1/fastq/SRR231/029/SRR23190329/SRR23190329_2.fastq.gz
SRR23190339,56313,Tyto alba,Talba_CH27,Model organism or animal sample from Tyto alba,Model organism or animal sample from Tyto alba,2010,,,PRJNA925445,SAMN32873738,ILLUMINA,Illumina HiSeq 2500,WGS,GENOMIC,RANDOM,131051561,ftp.sra.ebi.ac.uk/vol1/fastq/SRR231/039/SRR23190339/SRR23190339_1.fastq.gz,ftp.sra.ebi.ac.uk/vol1/fastq/SRR231/039/SRR23190339/SRR23190339_2.fastq.gz
SRR23190340,56313,Tyto alba,Talba_CH24,Model organism or animal sample from Tyto alba,Model organism or animal sample from Tyto alba,2004,,,PRJNA925445,SAMN32873737,ILLUMINA,Illumina HiSeq 2500,WGS,GENOMIC,RANDOM,114335099,ftp.sra.ebi.ac.uk/vol1/fastq/SRR231/040/SRR23190340/SRR23190340_1.fastq.gz,ftp.sra.ebi.ac.uk/vol1/fastq/SRR231/040/SRR23190340/SRR23190340_2.fastq.gz
SRR23190331,56313,Tyto alba,Talba_CH08,Model organism or animal sample from Tyto alba,Model organism or animal sample from Tyto alba,2006,,,PRJNA925445,SAMN32873728,ILLUMINA,Illumina HiSeq 2500,WGS,GENOMIC,RANDOM,120296512,ftp.sra.ebi.ac.uk/vol1/fastq/SRR231/031/SRR23190331/SRR23190331_1.fastq.gz,ftp.sra.ebi.ac.uk/vol1/fastq/SRR231/031/SRR23190331/SRR23190331_2.fastq.gz
SRR23190334,56313,Tyto alba,Talba_CH05,Model organism or animal sample from Tyto alba,Model organism or animal sample from Tyto alba,2012,,,PRJNA925445,SAMN32873725,ILLUMINA,Illumina HiSeq 2500,WGS,GENOMIC,RANDOM,122420986,ftp.sra.ebi.ac.uk/vol1/fastq/SRR231/034/SRR23190334/SRR23190334_1.fastq.gz,ftp.sra.ebi.ac.uk/vol1/fastq/SRR231/034/SRR23190334/SRR23190334_2.fastq.gz
SRR23190337,56313,Tyto alba,Talba_CH29,Model organism or animal sample from Tyto alba,Model organism or animal sample from Tyto alba,2005,,,PRJNA925445,SAMN32873740,ILLUMINA,Illumina HiSeq 2500,WGS,GENOMIC,RANDOM,118917977,ftp.sra.ebi.ac.uk/vol1/fastq/SRR231/037/SRR23190337/SRR23190337_1.fastq.gz,ftp.sra.ebi.ac.uk/vol1/fastq/SRR231/037/SRR23190337/SRR23190337_2.fastq.gz
SRR23190338,56313,Tyto alba,Talba_CH28,Model organism or animal sample from Tyto alba,Model organism or animal sample from Tyto alba,2007,,,PRJNA925445,SAMN32873739,ILLUMINA,Illumina HiSeq 2500,WGS,GENOMIC,RANDOM,122034738,ftp.sra.ebi.ac.uk/vol1/fastq/SRR231/038/SRR23190338/SRR23190338_1.fastq.gz,ftp.sra.ebi.ac.uk/vol1/fastq/SRR231/038/SRR23190338/SRR23190338_2.fastq.gz
SRR10728852,1047171,Zymoseptoria tritici,ST16CH_1C12,Microbe sample from Zymoseptoria tritici,Microbe sample from Zymoseptoria tritici,2016,,Switzerland: Eschikon,PRJNA596434,SAMN13623720,ILLUMINA,Illumina HiSeq 2000,WGS,GENOMIC,RANDOM,8942839,ftp.sra.ebi.ac.uk/vol1/fastq/SRR107/052/SRR10728852/SRR10728852_1.fastq.gz,ftp.sra.ebi.ac.uk/vol1/fastq/SRR107/052/SRR10728852/SRR10728852_2.fastq.gz
SRR10728587,1047171,Zymoseptoria tritici,ST16CH_1A11,Microbe sample from Zymoseptoria tritici,Microbe sample from Zymoseptoria tritici,2016,,Switzerland: Eschikon,PRJNA596434,SAMN13623714,ILLUMINA,Illumina HiSeq 2000,WGS,GENOMIC,RANDOM,8151249,ftp.sra.ebi.ac.uk/vol1/fastq/SRR107/087/SRR10728587/SRR10728587_1.fastq.gz,ftp.sra.ebi.ac.uk/vol1/fastq/SRR107/087/SRR10728587/SRR10728587_2.fastq.gz
SRR10728692,1047171,Zymoseptoria tritici,ST16CH_3O9,Microbe sample from Zymoseptoria tritici,Microbe sample from Zymoseptoria tritici,2016,,Switzerland: Eschikon,PRJNA596434,SAMN13623865,ILLUMINA,Illumina HiSeq 2000,WGS,GENOMIC,RANDOM,8214846,ftp.sra.ebi.ac.uk/vol1/fastq/SRR107/092/SRR10728692/SRR10728692_1.fastq.gz,ftp.sra.ebi.ac.uk/vol1/fastq/SRR107/092/SRR10728692/SRR10728692_2.fastq.gz
SRR10728797,1047171,Zymoseptoria tritici,ST16CH_1S10,Microbe sample from Zymoseptoria tritici,Microbe sample from Zymoseptoria tritici,2016,,Switzerland: Eschikon,PRJNA596434,SAMN13623770,ILLUMINA,Illumina HiSeq 2000,WGS,GENOMIC,RANDOM,14729533,ftp.sra.ebi.ac.uk/vol1/fastq/SRR107/097/SRR10728797/SRR10728797_1.fastq.gz,ftp.sra.ebi.ac.uk/vol1/fastq/SRR107/097/SRR10728797/SRR10728797_2.fastq.gz
SRR11026703,1047171,Zymoseptoria tritici,ST99CH_28,ST99CH_28,ST99CH_28,1999,,Switzerland: Berg am Irchel,PRJNA596434,SAMN14002727,ILLUMINA,Illumina HiSeq 2000,WGS,GENOMIC,RANDOM,12195122,ftp.sra.ebi.ac.uk/vol1/fastq/SRR110/003/SRR11026703/SRR11026703_1.fastq.gz,ftp.sra.ebi.ac.uk/vol1/fastq/SRR110/003/SRR11026703/SRR11026703_2.fastq.gz
SRR11026701,1047171,Zymoseptoria tritici,ST99CH_SW5,ST99CH_SW5,ST99CH_SW5,1999,,Switzerland: Berg am Irchel,PRJNA596434,SAMN14002729,ILLUMINA,Illumina HiSeq 2000,WGS,GENOMIC,RANDOM,8114322,ftp.sra.ebi.ac.uk/vol1/fastq/SRR110/001/SRR11026701/SRR11026701_1.fastq.gz,ftp.sra.ebi.ac.uk/vol1/fastq/SRR110/001/SRR11026701/SRR11026701_2.fastq.gz
SRR10728727,1047171,Zymoseptoria tritici,ST16CH_3E45,Microbe sample from Zymoseptoria tritici,Microbe sample from Zymoseptoria tritici,2016,,Switzerland: Eschikon,PRJNA596434,SAMN13623833,ILLUMINA,Illumina HiSeq 2000,WGS,GENOMIC,RANDOM,13403282,ftp.sra.ebi.ac.uk/vol1/fastq/SRR107/027/SRR10728727/SRR10728727_1.fastq.gz,ftp.sra.ebi.ac.uk/vol1/fastq/SRR107/027/SRR10728727/SRR10728727_2.fastq.gz
SRR10728586,1047171,Zymoseptoria tritici,ST16CH_1A27,Microbe sample from Zymoseptoria tritici,Microbe sample from Zymoseptoria tritici,2016,,Switzerland: Eschikon,PRJNA596434,SAMN13623715,ILLUMINA,Illumina HiSeq 2000,WGS,GENOMIC,RANDOM,15452778,ftp.sra.ebi.ac.uk/vol1/fastq/SRR107/086/SRR10728586/SRR10728586_1.fastq.gz,ftp.sra.ebi.ac.uk/vol1/fastq/SRR107/086/SRR10728586/SRR10728586_2.fastq.gz
SRR10728831,1047171,Zymoseptoria tritici,ST16CH_1H32,Microbe sample from Zymoseptoria tritici,Microbe sample from Zymoseptoria tritici,2016,,Switzerland: Eschikon,PRJNA596434,SAMN13623739,ILLUMINA,Illumina HiSeq 2000,WGS,GENOMIC,RANDOM,8026630,ftp.sra.ebi.ac.uk/vol1/fastq/SRR107/031/SRR10728831/SRR10728831_1.fastq.gz,ftp.sra.ebi.ac.uk/vol1/fastq/SRR107/031/SRR10728831/SRR10728831_2.fastq.gz
SRR11026702,1047171,Zymoseptoria tritici,ST99CH_SW39,ST99CH_SW39,ST99CH_SW39,1999,,Switzerland: Berg am Irchel,PRJNA596434,SAMN14002728,ILLUMINA,Illumina HiSeq 2000,WGS,GENOMIC,RANDOM,9224238,ftp.sra.ebi.ac.uk/vol1/fastq/SRR110/002/SRR11026702/SRR11026702_1.fastq.gz,ftp.sra.ebi.ac.uk/vol1/fastq/SRR110/002/SRR11026702/SRR11026702_2.fastq.gz
SRR11026704,1047171,Zymoseptoria tritici,ST99CH_15,ST99CH_15,ST99CH_15,1999,,Switzerland: Berg am Irchel,PRJNA596434,SAMN14002726,ILLUMINA,Illumina HiSeq 2000,WGS,GENOMIC,RANDOM,12384026,ftp.sra.ebi.ac.uk/vol1/fastq/SRR110/004/SRR11026704/SRR11026704_1.fastq.gz,ftp.sra.ebi.ac.uk/vol1/fastq/SRR110/004/SRR11026704/SRR11026704_2.fastq.gz
SRR10728715,1047171,Zymoseptoria tritici,ST16CH_3H33,Microbe sample from Zymoseptoria tritici,Microbe sample from Zymoseptoria tritici,2016,,Switzerland: Eschikon,PRJNA596434,SAMN13623844,ILLUMINA,Illumina HiSeq 2000,WGS,GENOMIC,RANDOM,7937641,ftp.sra.ebi.ac.uk/vol1/fastq/SRR107/015/SRR10728715/SRR10728715_1.fastq.gz,ftp.sra.ebi.ac.uk/vol1/fastq/SRR107/015/SRR10728715/SRR10728715_2.fastq.gz
SRR10728823,1047171,Zymoseptoria tritici,ST16CH_1L32,Microbe sample from Zymoseptoria tritici,Microbe sample from Zymoseptoria tritici,2016,,Switzerland: Eschikon,PRJNA596434,SAMN13623746,ILLUMINA,Illumina HiSeq 2000,WGS,GENOMIC,RANDOM,8461490,ftp.sra.ebi.ac.uk/vol1/fastq/SRR107/023/SRR10728823/SRR10728823_1.fastq.gz,ftp.sra.ebi.ac.uk/vol1/fastq/SRR107/023/SRR10728823/SRR10728823_2.fastq.gz
SRR10728688,1047171,Zymoseptoria tritici,ST16CH_3P39,Microbe sample from Zymoseptoria tritici,Microbe sample from Zymoseptoria tritici,2016,,Switzerland: Eschikon,PRJNA596434,SAMN13623868,ILLUMINA,Illumina HiSeq 2000,WGS,GENOMIC,RANDOM,8113610,ftp.sra.ebi.ac.uk/vol1/fastq/SRR107/088/SRR10728688/SRR10728688_1.fastq.gz,ftp.sra.ebi.ac.uk/vol1/fastq/SRR107/088/SRR10728688/SRR10728688_2.fastq.gz
SRR10728694,1047171,Zymoseptoria tritici,ST16CH_3O21,Microbe sample from Zymoseptoria tritici,Microbe sample from Zymoseptoria tritici,2016,,Switzerland: Eschikon,PRJNA596434,SAMN13623863,ILLUMINA,Illumina HiSeq 2000,WGS,GENOMIC,RANDOM,9650575,ftp.sra.ebi.ac.uk/vol1/fastq/SRR107/094/SRR10728694/SRR10728694_1.fastq.gz,ftp.sra.ebi.ac.uk/vol1/fastq/SRR107/094/SRR10728694/SRR10728694_2.fastq.gz
